PCB_Thickness_mm,Board_Length_mm,Board_Width_mm,Conveyor_Speed_cm_per_min,Copper_Weight_oz,Component_Count,0201_Resistors,0402_Inductors,Alum_Caps,0603_Caps,Connectors,Paste_Type,Zone_1_Temp_C,Zone_2_Temp_C,Zone_3_Temp_C,Zone_4_Temp_C,Zone_5_Temp_C,Zone_6_Temp_C,Zone_7_Temp_C,Zone_8_Temp_C,Zone_9_Temp_C,Zone_10_Temp_C
1.95,50.8,94.6,50.1,1,907,183,245,67,250,162,Sn-Sb,146.7,146.6,158.4,158.1,162.4,156.8,157.6,157.6,157.8,159.6
2.05,196.3,127.2,116.2,2,711,78,126,108,224,175,SAC305,147.9,145.7,144.2,150.7,148.7,142.5,154.9,150.9,157.2,158.2
1.16,123.6,91.4,81.6,1,1207,293,194,158,273,289,Sn-Pb,133.7,141.3,134.4,134.9,138.9,137.6,142.3,136,137,144.1
1.72,158.4,74.4,113.9,1,802,71,117,118,214,282,Sn-Sb,147.1,153.4,153.7,151.5,155.7,151.9,153.6,156.9,158.8,158.7
1.98,173.1,120.3,81.8,1,792,98,190,211,158,135,SAC305,148.2,149.1,153.5,149.6,154.5,154.7,159.8,153.5,153.6,159.7
1.19,157.8,123.1,73.1,1,818,102,172,136,228,180,Sn-Sb,149.1,152.8,152.1,144.6,153.1,153.9,154.3,154.6,151.2,159.6
1.1,130.3,73.9,58.2,1,705,91,147,209,158,100,SAC305,143.6,146.8,139.9,147,145.8,147.9,147.8,151.1,150,148.3
2.47,121.5,121.7,84.6,1,1122,299,290,134,223,176,SAC305,149.6,149.7,151.1,142.8,155.4,153.4,151.3,159.1,159.3,157.4
1.68,175.8,135.8,42.5,1,788,285,70,93,188,152,Sn-Pb,131.9,136.9,137.8,141.2,138.1,144,139.8,138.4,140,144.2
1.24,80.8,73.3,110.8,2,968,117,292,178,141,240,Sn-Sb,148,150.2,149.9,154.1,151.4,147.2,153.8,149.2,157,160.4
2.49,195.2,121.7,104.6,2,873,73,174,276,190,160,Sn-Pb,136.5,144.7,144,146.1,144,141.5,147.8,144.6,147.8,147.9
2.44,156.6,116.7,58.6,2,906,147,188,277,228,66,Sn-Sb,157.6,157.4,156,151.3,156.3,161.3,161,156.7,156.8,163.8
1.75,79.9,97.9,115.8,2,993,148,131,153,263,298,Sn-Pb,132.6,133.9,139.8,142.4,137.5,140.6,141.5,142.3,143.9,147
2.3,160.4,64.6,104.3,2,1062,201,299,68,214,280,Sn-Sb,151.5,149.9,160.6,159.8,154.2,158.9,162.5,162.7,162.9,162
1.12,129.5,66,90,1,516,134,57,77,54,194,Sn-Pb,137.8,134.3,133.1,138.2,136.9,138.6,139.2,141.1,137.7,137.2
1.27,156.1,128.2,41,1,839,150,213,167,196,113,SAC305,147.7,145.1,147.7,141.1,150.6,146.8,146.9,150.2,148.4,152.3
1.99,165.2,139.2,73,1,616,140,166,147,60,103,Sn-Sb,151.5,156.1,158.5,159.4,149.2,154.1,151.1,155.4,158,162.2
2.24,63.1,114.1,75.5,1,1000,222,96,189,295,198,Sn-Sb,151.6,152.7,155.7,151.1,154.7,156.7,158.6,160.4,165.7,164.9
2.26,125.9,95.7,50.9,2,1086,295,188,280,269,54,SAC305,146,148.5,149.3,149.8,153.1,147.7,156.9,160.4,155.5,156.4
1.49,189.8,111.8,37.2,1,873,258,233,69,218,95,Sn-Pb,134.9,138.5,135.5,140.3,139.9,146.5,139.5,135.5,138.2,143.5
2.31,98.1,107.6,99.9,1,709,299,61,119,66,164,Sn-Sb,156.6,152.6,154.9,158.6,154.7,156.7,156,164.1,166.2,157.8
2.25,139.1,90.7,41,2,938,196,203,97,157,285,Sn-Sb,152.8,158.5,156.4,154.8,152.6,161.7,160.3,155.8,164.8,157.4
2.39,105.4,65.3,83.5,1,896,101,145,119,232,299,Sn-Pb,138.3,139.2,145.8,141.2,142.2,139.9,143,143.5,144.7,148
2.14,118.1,125.7,114.3,1,1001,277,151,124,210,239,SAC305,140.4,144.2,149.4,151.1,151,152.6,152.5,154.6,157,158
1.94,132.3,89.7,108.8,2,1113,265,200,192,204,252,Sn-Pb,134.6,140.4,139.2,143.4,145,137.4,140.1,146.1,139.7,150
1.79,132.3,125.5,55,1,1380,241,298,292,291,258,Sn-Pb,134.9,138.7,137.6,134.8,143.1,149.2,140.4,142,136,149
1.43,80.3,80.2,106.6,1,1112,228,230,255,268,131,Sn-Pb,136.9,129.9,130,131.3,140.1,141.4,137.4,142.6,142.6,142
2.4,152.7,60.1,30,1,934,141,228,224,288,53,Sn-Sb,156.9,151.4,159.4,154.8,163.3,156,158.9,161.2,162.2,164.5
2.46,63.2,72.7,31.6,1,773,184,158,212,97,122,SAC305,145.4,150.2,151.7,150.7,154.5,150.3,154.3,154,156.3,162.6
1.28,70.8,97.5,84.2,1,768,121,165,222,130,130,SAC305,147.8,148.2,144,149.1,147.7,148.5,149.2,155.7,155.5,154.6
1.32,50.4,135.5,62.8,2,898,162,274,145,121,196,Sn-Pb,133.1,134.7,137.2,135,140.4,135.8,140.8,133.7,139.9,148.8
1.63,67.5,68.2,64.8,2,669,112,87,116,236,118,Sn-Sb,153.3,155.8,150.1,153.5,158,157,157.7,162,155,158.6
1.56,121,128.3,80.8,2,891,62,224,287,238,80,Sn-Pb,129.5,132.5,140,135,141,144.8,140.3,143.4,145,140.1
2.49,140.9,102.2,47.3,2,1060,296,257,163,273,71,Sn-Sb,152.6,152.4,154.8,159.6,156.7,159.3,157.3,165.1,160.8,168
1.1,169.1,126.1,49.1,2,844,142,263,220,116,103,Sn-Sb,147.7,144.3,149,147.3,153.3,151.7,154,153.4,153.8,153.6
0.83,66,83.9,73.6,2,636,187,91,113,175,70,Sn-Sb,148.7,146.6,147.2,148.6,148.1,150.2,152.8,150,151.5,159.3
1.64,177.6,127.2,97.9,1,1172,257,253,243,218,201,Sn-Sb,149.1,149.5,148.2,155.8,151,155.2,151.1,159.7,161.7,160.7
1.1,161.9,121.8,85.8,2,773,84,233,79,106,271,SAC305,137.9,146,142,142,145.3,146.3,147,153.3,156.5,147.4
1.42,111.3,78.4,56.8,2,596,96,212,68,163,57,Sn-Sb,147,150.5,149.9,153.3,155.8,156.3,156.9,161.1,152.3,162.5
2.07,189.9,70.5,68.7,1,717,75,162,281,120,79,Sn-Sb,151.1,155.7,151.3,152.6,158.3,151.6,161.3,163.1,160.9,161.8
2.03,198.6,129.4,45.4,1,573,184,116,114,85,74,Sn-Pb,134.6,140.2,140.2,137.4,140,141.7,142,140.1,147.2,145.4
1.32,80.8,137.1,36.7,2,604,86,50,192,86,190,Sn-Pb,133.6,132.9,137,137.2,141.2,140,139,138.4,144.2,141.8
1.72,106.9,62.5,100.4,1,1062,281,185,182,237,177,SAC305,145.1,146.1,146.4,148.1,155.4,147.5,149.2,156.8,152.5,153.2
1.66,189,118.5,53.9,2,773,250,176,50,213,84,Sn-Pb,138.4,132,139.8,138.4,140.7,141.6,139.4,145.5,141.6,145.5
1.88,158.2,132.8,46,1,766,243,240,153,72,58,Sn-Sb,155.1,156.5,152.6,155.8,154.3,163.9,159.7,158.7,160.3,161.6
1.23,57.2,128.6,92.2,2,791,83,223,255,177,53,Sn-Pb,134.5,133.4,134,135.7,133.7,140.3,136.7,137,141.1,141.8
1.8,167.2,137.2,85.6,1,902,207,272,151,124,148,SAC305,146.7,145.3,146.8,151.1,151.9,152.8,152.1,153.5,154.7,153
2.46,174.2,120.8,87,1,855,121,52,191,237,254,Sn-Pb,143.7,144.3,143.7,141,144.9,147.2,141.6,151.4,142.1,150.4
1.63,162.6,95.4,50.6,2,782,222,273,83,94,110,Sn-Pb,139.5,135.8,136.7,140.2,144.7,139.3,138.8,140.9,138.5,146.8
2.34,169.9,85,50.9,2,635,132,172,151,65,115,SAC305,147.2,149.1,153.4,150.6,155,150.6,157.6,156.7,156.4,158.1
1.54,173.8,85.7,49.9,2,1073,217,194,168,211,283,SAC305,140.8,146,146.3,143.9,146.7,149.3,148.9,144.5,155.9,153.3
1.4,78,118,45.6,2,869,173,193,151,237,115,Sn-Sb,142.2,156.4,154.7,151,150.5,155.2,155.6,157.6,154.5,161.3
1.9,85.4,119.7,89,2,965,243,267,62,233,160,Sn-Pb,135.1,139.5,136.1,147.4,142.6,150.2,145,141.8,147,148.2
1.94,145.1,76,106.3,1,808,208,83,88,244,185,Sn-Sb,152.8,154.6,156,151.7,152.5,154.3,158.1,158,156.8,163
2.27,186.2,129.4,95.2,2,967,264,255,169,175,104,Sn-Pb,139.2,139.9,139.6,140.2,139.8,146.2,142.2,146,151.3,146.4
1.19,97.4,117.2,101.3,2,895,76,167,270,280,102,Sn-Pb,135.8,135.7,135.9,137.2,136.7,138.1,137.3,140.1,139.2,145
1.65,138.2,105,66.4,1,885,88,114,194,282,207,Sn-Sb,145.2,152.7,153.3,154,157.3,154.4,157,152.1,157,161.8
1.77,152.4,97.7,88.9,1,660,230,62,70,196,102,Sn-Pb,131.8,137.3,135.8,138.5,138,137.1,143,142.7,145.7,147.2
2.11,117.8,103.5,61.9,2,591,68,106,74,263,80,Sn-Pb,141.2,139,143.4,137.6,144.3,143.9,144.2,145.9,142.7,143
0.87,157.1,72.7,77.3,1,754,130,232,72,81,239,Sn-Pb,136.5,131.8,132.8,131,130.9,136.1,136.3,138.4,139.6,147.8
2.49,185,76.3,73.3,1,811,123,59,277,249,103,SAC305,148.4,155.2,156.4,154.7,152.7,150.4,156.9,159.5,162.7,155.6
1.6,143.6,67.3,45.9,2,733,101,197,209,163,63,Sn-Sb,149.3,148.2,150.1,155,152,152.5,158.4,158.4,159.1,157
1.28,131,72.3,64.8,1,986,227,205,159,293,102,SAC305,147.3,144.4,152.5,146.9,140.4,141.3,151.3,154.3,149,158.7
2.3,115.8,96.3,116.7,1,719,201,128,71,79,240,Sn-Sb,158.5,155.1,157.1,159.2,163.2,160.5,160.1,162.5,163.1,165.3
2.07,136.6,102.4,52.4,2,736,53,254,108,264,57,Sn-Sb,147.6,154.3,155.7,155.1,158.7,163.1,158.8,161.4,165.2,161.8
2.42,103.3,61.4,42,2,951,259,61,168,208,255,Sn-Pb,136.4,141.9,134.5,135.2,144.1,137.1,141.2,145,144.9,147.7
1.36,108.7,123.7,67.7,1,834,83,131,297,147,176,Sn-Sb,152.1,150.5,148.3,155.9,148.5,154.5,150.2,156.6,155.8,161
1.74,129.8,83.5,101.1,1,757,124,154,253,98,128,SAC305,147.9,144.9,145.4,147.8,155.3,155.6,148.8,155.1,148.5,153.4
1.77,60,132.9,82.4,2,1237,234,272,290,299,142,SAC305,143.1,150.1,144,150.1,149.9,150.3,156.9,158.1,153.4,153.8
2.47,84.4,137.4,91.3,1,765,203,67,145,263,87,SAC305,144.8,150.3,157.2,152,155.5,150.2,154,157.7,157.7,160.8
0.93,131.4,74.8,47.1,1,687,258,136,137,99,57,Sn-Sb,144.8,142.4,152,146.8,152.2,153,147.7,156.8,153,155.8
1.32,114.7,97,85.7,1,910,218,183,118,221,170,SAC305,142.5,149.5,149.6,141.2,154.4,146.6,155.9,149.8,150.6,151.9
1.12,99.9,60.1,59.1,2,882,113,206,205,188,170,Sn-Sb,146.4,156.2,149.4,149.7,151.8,149.7,158.4,150.2,153.8,159.4
1.26,159.6,107.9,105.1,1,856,114,156,196,186,204,SAC305,143.4,145.9,149.9,149.3,147.7,154.6,147.4,150,151.2,152
1.62,154.1,108.6,86.6,1,957,211,221,245,149,131,SAC305,141.9,141.3,148.4,146.2,154.8,149.9,150.3,155.4,154.3,153.6
1.43,75,79.8,47.9,2,840,192,100,190,132,226,Sn-Sb,147.2,161.1,152.2,155.4,150.1,152.4,161.5,160.3,158.5,157
1.47,181.8,104.7,35.8,1,994,247,161,105,253,228,SAC305,143.6,143.3,142.9,150.1,150,151.6,149.3,152.1,151.1,151.2
2.24,124.3,78,33.8,1,1174,214,194,235,264,267,Sn-Pb,143.2,139.6,141.7,143.7,142.6,143.9,140.9,142.5,143.4,149
2.38,161.2,72.9,63.4,2,1059,206,210,109,268,266,Sn-Sb,154.1,152.2,157.6,158.5,155.8,158.8,161.5,158.3,163.6,163.8
0.92,136,112.1,53.9,2,884,169,232,187,224,72,Sn-Sb,143.6,148.3,149.7,147.7,149,148.6,151.3,153.6,153,151.1
1.16,199.7,86.1,88.1,2,956,262,198,284,62,150,Sn-Sb,145.7,147.5,152.3,152.6,154.3,150.6,154.2,147.5,157.1,158.6
1.94,162.9,107.2,74.9,2,566,210,73,157,60,66,Sn-Pb,135.6,138.6,134.2,137.3,143,143.2,141.5,146.1,145.1,144.2
1.41,156,94.7,53.9,1,936,245,224,74,143,250,Sn-Sb,148.5,148.7,147.5,155.8,151.3,151.6,150.5,148.1,159.2,160.4
1.23,166.8,138.7,43.4,1,912,70,133,260,260,189,SAC305,146.7,143.7,144.2,144.6,145.9,151.5,149.1,151.3,149.8,156.1
1.3,71.5,72,41.4,2,816,86,91,194,150,295,SAC305,137.8,140.8,146.6,151.8,146.8,146,152.5,151.5,155.4,148.6
1.35,80.7,97.2,107.8,2,564,97,152,77,90,148,SAC305,147.4,140.1,144.9,148,148.3,151.9,144.3,151.2,155.3,152.9
2.24,157.1,114.4,51.9,1,1111,96,289,195,255,276,Sn-Sb,149.8,157.2,153.3,153.7,154.3,157.6,159.7,156.4,158,160.1
1.03,124.1,91.6,88.7,2,1142,285,154,173,248,282,SAC305,139.3,143.3,145.2,145.8,146.8,152.2,149.4,151.5,148.9,154
2.01,163.2,138,103,1,938,62,259,278,190,149,Sn-Sb,150.7,154.3,149.9,155.5,153.1,159.9,160.7,157.7,166.2,160.2
1.74,65.4,117.8,85.3,2,632,80,179,65,186,122,SAC305,140.9,144.4,144.6,149.8,146,149.1,152.6,153.1,153.7,155.1
1.3,130.5,112.6,107.4,1,1066,215,252,103,233,263,Sn-Pb,132.4,129.7,134.3,137.9,137.1,139.7,137.7,143.5,133.8,142.9
1.51,106.8,120.6,65.3,2,939,274,149,158,136,222,Sn-Pb,138.6,140,135.9,133.6,142.6,139.4,140.1,138.9,138.8,145.2
1.24,118.6,136.2,116.1,2,1005,286,211,186,265,57,Sn-Pb,135.2,134.8,132.9,133,132.9,136.5,136.2,135.1,143.2,138.2
1.84,140.6,132.6,42,1,337,56,85,67,52,77,Sn-Pb,139.2,138.4,139.1,144.2,136.3,143.8,141.3,150.9,143.1,143.6
0.94,125.3,117.9,39.2,2,900,119,285,221,198,77,Sn-Sb,148,147.1,146.4,146.8,155.1,148.2,153.4,156.9,158,153.9
0.81,131,119.9,89.3,1,878,281,103,231,114,149,SAC305,140.4,140.8,138.4,145.7,145.2,150.4,144.6,151.3,152.5,150.2
1.87,123,71.7,114.9,1,798,70,284,276,62,106,Sn-Pb,129.8,135.8,143.7,140.2,142.4,141.1,141.7,137.7,146.7,148.6
1.13,111.3,68.2,102.8,1,657,98,167,103,187,102,Sn-Sb,144.8,148.1,148.7,151.9,150,155.4,153.9,147,157,159.6
0.92,165.8,105.7,36.9,1,509,93,96,102,123,95,Sn-Pb,128.1,133.8,139.1,134.9,139,135.3,137.5,138,138.4,140.2
1.47,51.8,61.5,55.1,1,551,62,214,151,73,51,Sn-Pb,129.5,134.4,140.4,134.5,135.2,139.5,140.7,142.5,142,143.6
0.89,139.8,98.6,113.7,2,920,263,130,149,191,187,Sn-Sb,145.4,143.6,148.2,151.6,152,146.2,153.2,150.8,158.6,156.4
2.31,134.8,76.8,52.8,2,905,212,202,180,160,151,Sn-Sb,156.2,154.6,155.4,161,160.5,158.9,159,155.4,162.5,162.2
0.85,157.4,87.7,100.3,1,596,66,61,231,165,73,SAC305,142.9,144.8,146.9,145.3,142.1,139.8,144.8,152.3,154.7,149.5
1.78,139.9,122.1,104.3,2,948,78,220,202,277,171,SAC305,141.5,145,151.3,147.1,151.7,151.4,154,158.4,155.7,155.3
1.55,174,135.3,74.6,1,902,237,139,279,114,133,Sn-Pb,140.5,136.8,134.4,139.8,140.1,138.8,139.2,140.9,141.2,143
1.94,193.9,65.8,64.8,2,920,168,205,65,224,258,Sn-Pb,134.2,138.9,139.6,140.7,140.5,141.2,147,143.9,148.5,142.7
1.36,101.4,102.7,70.5,2,858,153,141,235,253,76,SAC305,145.6,142.6,144.1,145.6,146.4,147.4,153.5,150.9,152.5,151.4
1.06,84.1,130.6,50.4,2,1204,295,230,219,236,224,SAC305,144.9,144.4,143.4,140.5,146.9,149,145.4,148.4,151.9,146.6
2.47,113.5,66.6,110,2,1161,271,282,211,214,183,Sn-Sb,152.4,156.5,159.7,163.9,164.2,159.8,158.9,164.1,160.7,161.1
2.23,93.2,126,70.6,1,1226,184,273,273,294,202,SAC305,147.2,147.9,151.4,149.3,152.4,157.9,154.5,159.7,159.8,158.9
2.26,142.2,88.6,109.4,1,770,82,104,235,56,293,SAC305,147.2,152.4,149.6,151.3,153.3,153.3,152.1,150.7,159.2,159
1.23,186.8,85.8,39.5,2,664,106,175,61,65,257,Sn-Pb,128,131.9,135.7,137.5,132.6,137.9,140.8,139.1,141.9,140.7
0.87,70.9,138.2,118.9,2,973,92,166,277,254,184,SAC305,144.1,140,139.9,144.4,141,140,150.6,145.4,145.3,147.9
1.32,65.1,76.1,69.9,1,996,277,160,100,250,209,Sn-Pb,131,134.2,132.3,138.1,139.5,134.8,137.7,139,141.1,145.8
1.71,88.4,115.5,34.3,2,985,124,57,274,264,266,SAC305,149,154,140.7,145.8,155,145.1,156.9,153,154.1,150.7
1.36,158.9,125.7,33.4,1,1011,297,249,94,263,108,Sn-Sb,147.4,155,150.7,150.5,154,153.2,155.8,153.3,156.6,155.9
2.21,138.9,63.3,97.2,1,1066,181,153,244,206,282,SAC305,142.6,150.5,146.3,150.6,154.8,148.6,155.9,154.2,153.2,163.1
1.26,65.3,113.6,89.3,1,1087,206,147,275,205,254,SAC305,143.3,142.6,143,148.9,145.5,150.6,149.3,153.6,148.2,149.6
2.44,187.8,136.1,102.2,2,1053,128,173,264,221,267,SAC305,148.4,149.6,150.1,160.1,159.4,155.1,156.5,155.5,154.1,157.7
1.58,168.5,69.9,39.5,1,699,53,139,153,186,168,Sn-Pb,137.2,139.8,139.9,133.4,138,135.5,144.4,140.7,142.8,145.3
2.23,53.5,131.7,33.2,2,920,182,105,145,261,227,Sn-Sb,161.4,155,154.4,152.4,161.5,157.6,164.1,163.5,159.8,158
1.13,147.7,107.6,75.8,1,545,124,192,81,77,71,SAC305,143.5,141.8,144.8,148.8,141.7,148.4,150.9,152.1,146.6,152.9
1.5,165.7,109.3,64.9,2,880,282,66,108,139,285,Sn-Pb,138.1,136.5,136.2,140.9,136.4,134.9,139.9,143.1,145.6,145.1
1.99,106.2,109,71.6,2,786,248,155,234,75,74,Sn-Sb,154.5,156.1,152.9,154.5,159.8,153.3,159.2,156.8,163.3,160.9
1.04,60.3,83.9,119.2,2,727,187,94,132,60,254,Sn-Pb,132.2,138.4,131,135.8,135.7,138.8,144,137.4,136.6,138.8
1.03,61.6,134.8,117.4,1,1037,230,249,153,117,288,Sn-Pb,131.5,133.3,134.5,140.6,141,141.1,145.7,141.6,143.5,143.6
2.45,65.6,135.8,114.8,1,999,144,205,252,284,114,Sn-Sb,156.2,156.4,155.1,153.5,157.9,160.9,160.5,158.1,161.8,162.6
2.01,176.1,110,100.5,2,839,98,224,101,151,265,SAC305,146.9,149.5,151.2,148.5,154,155.4,154,156,158,152.8
0.87,186.6,122.7,61.9,2,878,231,237,106,96,208,Sn-Pb,134.5,130,131.3,134.9,128.9,136.9,140.3,133.4,142.6,138.3
1.48,68.4,109,67.1,2,1161,282,223,291,75,290,Sn-Pb,135,133.7,138.1,140.5,140.3,139.4,139,141.2,144.4,145.5
1.54,85.4,98.8,79.5,1,605,163,54,133,101,154,SAC305,146.4,141.9,146.6,145.8,150.7,147.4,152.1,150.9,147.1,156.5
2.06,74.8,112.9,104.7,1,1089,252,297,103,210,227,SAC305,147.2,152.1,144.3,149.4,150.7,153.1,149.3,155.9,161,157.7
1.23,77.9,104.2,36.2,1,1031,215,204,275,64,273,Sn-Sb,148.4,145,147.8,151,150.6,156.2,155.8,163.2,153.2,157.2
1.11,175.6,107.8,68.2,1,692,110,171,70,95,246,Sn-Sb,143.4,141.9,151.7,152,149,152.8,151.7,153.1,154.6,153.9
0.94,99.8,122.7,37.4,2,755,183,87,111,135,239,Sn-Sb,144.6,145.6,150,141.4,150,148.4,149.5,152.1,154.7,155.1
1.53,96.7,98.5,76.3,2,922,259,127,251,95,190,SAC305,141.5,147.8,143.9,145.4,149.5,150.6,148.8,142.8,150,154.1
1.97,84.1,63.3,110.9,1,921,272,271,52,271,55,Sn-Pb,138.9,137.6,137.4,146.7,139.7,143.7,138.8,140.6,146.8,149
0.9,141.2,73.1,100.4,1,990,142,57,221,286,284,Sn-Pb,130.3,127,133,135.1,135.8,134.8,137,136.3,136.2,142.8
2.36,106.9,95.1,50.5,2,1038,157,210,258,289,124,Sn-Sb,154.1,154.3,154.3,156.3,158.3,164,161.8,158.8,159.8,160.4
1.55,161.6,118,117.8,1,634,126,99,60,144,205,SAC305,144.1,143.3,148.2,139.8,150.4,150.6,154.5,154.4,150.7,156
1.21,80.8,107.5,90.1,1,804,285,119,218,65,117,Sn-Pb,132.5,128.2,135.5,134.2,137.1,143,139.7,137,143.9,143.1
0.96,168.2,112,30.9,1,827,148,97,233,113,236,Sn-Sb,143.4,143,145.9,152.3,149.9,152,148.8,156.4,148.8,153.8
1.11,140.6,98.3,53,1,989,139,239,298,125,188,Sn-Pb,133.8,130.2,136.4,132.9,132.9,141.4,139,141.1,143.6,133.7
2.39,67.1,109.3,53.5,1,687,150,138,67,68,264,Sn-Pb,140.9,137.7,139.1,143.3,141.9,145.7,144.8,146.5,145.5,144.8
1.89,112.2,86.3,36.2,1,884,104,151,167,259,203,SAC305,144.2,147.1,154,153.9,148.5,151.6,151.6,153.8,155.2,157
1.68,179.5,97.6,116.4,2,635,183,53,157,164,78,SAC305,136.7,147.5,146.2,146.3,151.8,154.8,153.5,150.8,150.2,145.4
1.92,188.4,119.5,73,1,651,108,174,147,66,156,Sn-Pb,137.1,139.3,138.3,142.4,136.6,141.1,141.8,143.3,148.1,145.3
1.54,119.9,129.7,110.6,1,969,92,294,129,243,211,Sn-Sb,148.8,147.9,155.7,148.4,152,159.8,157.1,156.6,157.8,155.9
2.04,122.1,94.7,59,2,755,296,57,190,155,57,SAC305,147,147.2,149.7,145.7,152.4,155.2,152.6,156.1,156.1,154.4
0.88,187.8,63.5,41.3,2,1124,271,145,277,288,143,Sn-Pb,128.2,129.6,134.3,134.2,139.2,138.8,139.8,139.2,136.5,141.4
1.76,138.1,72.9,72.7,2,788,114,220,88,130,236,SAC305,146,143.4,151.4,152.1,146.4,148.9,150.2,154.6,155.3,154.9
1.07,54.9,61.7,40.3,1,838,133,137,291,135,142,SAC305,143.2,139.5,145.5,145,144.3,142.8,148.4,150.4,145.2,151.4
1,186.9,112.3,73.7,2,751,135,93,186,214,123,SAC305,142.4,141.3,145.1,144.6,146.8,148.6,149.6,152.1,151,149.6
1.38,87.2,86.6,112.8,1,928,85,150,269,205,219,Sn-Pb,132,131.7,136.4,140.9,136.8,140.2,137.6,141.5,145.7,145
0.96,136.6,103.4,76.9,1,1119,220,262,265,219,153,Sn-Sb,142.1,149.5,150.6,150.3,152.8,149.3,153,157.1,157.9,157.4
0.96,74.8,99.5,85.5,1,833,115,104,249,225,140,Sn-Sb,144.2,144.7,149.1,150.3,150.5,149.4,154.1,154.1,155.7,157.6
1.33,55.1,66.5,44.1,2,737,71,150,204,170,142,Sn-Sb,147.8,148.2,154,149.4,151.2,157.4,153,155.4,155.4,152.3
2.47,96.7,92.3,33.9,2,872,244,157,190,222,59,SAC305,149,147.3,152.1,155.7,146.7,153.1,156.7,149.8,161.4,159.5
1.1,167.1,77.6,40,2,1159,277,58,231,297,296,Sn-Pb,135.7,131.8,133.2,135,142.9,141.5,138.9,140.3,142.4,148.7
0.83,91.6,93.5,83.9,2,966,204,83,292,178,209,SAC305,142.3,142.3,142.1,144.9,143.4,147.6,142.9,147.4,151.4,151.3
2.1,83,76.3,38.6,2,806,138,142,120,290,116,Sn-Sb,151.1,152.8,157.6,151.9,152.9,154.7,158.5,155.4,163.4,158.7
2.17,81.9,127.2,63.8,1,979,261,197,166,143,212,Sn-Sb,153.5,152.1,154.7,151,159.9,155,155.7,167,162.5,164.7
1.39,127.3,73.9,79.5,1,741,148,162,152,140,139,Sn-Pb,135.3,133.6,132,136.1,135,136.2,135.2,141.3,146.7,144.6
1.59,196.3,136.9,65,1,775,255,66,67,222,165,SAC305,144.6,145.8,137.8,146.7,144.7,150.4,150.2,149.3,153.3,154.3
1.9,118.8,93.3,44.7,1,904,142,261,230,140,131,Sn-Sb,156.1,154.6,154.2,151.7,152.3,158.3,156.9,159.2,162.4,156
0.88,133.6,127.7,54.6,2,679,117,242,163,50,107,Sn-Pb,135.6,135.3,127.2,141.5,136.4,135,139,135.5,141,138
2.41,179.1,110.3,113.5,2,859,203,158,197,165,136,SAC305,155.1,150.2,153,149.7,155.5,154,150.8,155.3,162.8,160.6
2.31,130.3,118.8,90.8,1,663,59,108,252,90,154,SAC305,147.4,143.9,148.1,147.3,147,155.9,154.7,160.9,153.6,157.5
1.24,77.7,121.4,74.6,2,860,182,171,242,194,71,Sn-Sb,144,147.4,149.5,150.1,152.4,156.1,156.8,152.9,156.1,159.6
0.83,94.9,100.4,31.1,2,1218,147,297,286,218,270,Sn-Sb,149.3,145.2,150.3,150.1,147,153.6,152.6,147.9,153.3,155.3
2.39,96.5,103.5,119.3,1,884,117,246,188,105,228,SAC305,147.1,153.6,154.7,150.8,151.5,153.6,154.3,154.2,145.8,163.2
1.65,109.6,101.1,90.4,1,710,198,148,125,75,164,SAC305,145.3,145.7,148.2,148,148,147.2,145.7,148.2,149.9,156.2
1.72,114,107,58.5,2,935,196,158,237,248,96,Sn-Sb,152.8,149,144.6,153.6,153.3,154.3,159.5,158,155.7,156
1.96,170,62.4,109.1,2,890,296,120,203,89,182,SAC305,146,145.1,148.6,152.9,146.7,152.1,155.5,153.5,157,154.9
1.85,102.4,91.6,53.3,1,861,198,255,181,72,155,Sn-Sb,151.8,153.6,151.5,160.2,157,160.2,160.5,159.2,163.4,160.8
2.4,120.2,108.5,79,1,939,133,192,291,165,158,SAC305,146.8,150,148,145.7,150.4,154.2,158.2,153.4,160,154.4
2.41,143.7,107.8,87.2,1,902,270,185,90,161,196,Sn-Sb,151.3,159.4,156.2,156.5,158.8,155.4,159.1,161.1,165.7,158
2.27,106.7,123.4,49.9,2,900,161,152,95,205,287,Sn-Pb,143.6,139,137,137.5,143.2,139.3,142.7,144.6,149.8,150.4
1.88,175.5,112.4,118.1,1,918,298,268,117,171,64,Sn-Sb,149.5,151.8,148.6,148.3,151.7,159.8,159.7,159.6,155,158.3
2.16,138.1,139.4,97.3,1,1072,276,214,178,244,160,Sn-Sb,150.2,153.3,154.1,152.8,157.8,158.5,156.6,160.7,164.2,166.1
1.95,94.1,82.7,80.2,2,716,73,76,89,240,238,Sn-Pb,138.2,139.1,138,142.8,137.5,144.5,141.9,148.2,146.5,145.5
1.77,157.1,88.7,46.3,2,904,213,275,270,73,73,SAC305,145.1,148.4,149.3,147.7,150.1,153.5,147.8,155,155.4,158.4
1.02,129.1,90.7,34.8,2,769,283,53,116,83,234,Sn-Pb,130,133.1,134.7,137.3,137.4,133.4,139,145.1,141.9,146
2.18,130.2,97.3,58.8,2,1182,226,264,230,297,165,Sn-Sb,156,158,155.8,157.5,157.7,157.9,161.1,158.3,166.6,159.1
2.2,122.2,126.9,97.8,2,722,72,158,118,144,230,SAC305,150.4,153.1,149.5,147.7,155.5,153.6,156.4,154.7,161.2,150.6
1.86,124.6,78.9,54.2,1,970,111,218,106,298,237,Sn-Pb,137.4,141.3,138.6,140.2,139,141.4,137.3,141.1,141.9,147.3
2.19,164.8,122.1,78.6,1,665,103,119,150,106,187,SAC305,146.2,147.3,148.8,148.7,152.8,154.1,156.4,156.9,157.6,156
1.91,65.4,92.4,95.5,2,902,217,184,152,215,134,SAC305,145.4,144.9,145.9,150.1,148.4,156,152.4,158.1,156.3,153.2
1.15,100.2,108.1,39.7,2,828,110,261,52,177,228,Sn-Pb,132.6,128.7,135.3,133.7,133.4,142.3,141.8,142.8,143.1,138
1.27,61.3,110.6,91.7,2,870,135,96,245,269,125,SAC305,142.1,143.3,140.2,144.7,145.7,148.7,156.9,150.3,151.7,151.6
1.16,163,89.8,38.3,2,1098,87,292,213,288,218,Sn-Pb,135,130.6,140.5,135.4,135.6,140.7,136.1,142,145,141.1
1.44,90.8,101,116.9,2,778,246,190,136,107,99,Sn-Sb,155.4,152.1,153.2,156.3,158.1,155,157.6,160.4,153.7,153
0.87,184.6,93,74,1,703,79,239,150,74,161,SAC305,141.2,137.1,142.4,145.3,144.5,145.9,144.3,150.7,146.2,144
1.85,129,65.5,43.6,1,1096,204,228,255,234,175,Sn-Sb,150.6,155,153.5,150.8,155.6,157.6,157.5,157.5,160.7,155
1.37,170.1,95,60.8,1,1001,289,172,96,167,277,Sn-Sb,146.2,145.9,154.9,154,153.4,149.5,157.1,160,158.6,157.7
1.91,196.8,67.8,67.2,1,783,88,65,297,71,262,SAC305,148.4,148.4,151.3,152.3,149.9,149.6,151.4,155.2,153.5,153.3
1.46,176,92.4,98.2,2,905,103,198,249,290,65,Sn-Pb,134.3,138.6,136.7,136.5,139.3,139.6,134.5,143.4,143.5,143.3
1.96,180,107.4,96.9,1,954,108,296,80,219,251,SAC305,150,151.4,151.2,147.2,148.4,155.2,147.2,153.4,156.1,150.5
1.38,111.2,106.4,85.1,2,844,81,236,211,58,258,Sn-Sb,149.6,152.8,146.4,156.9,149.9,155.6,154.6,156.1,153,161.7
1.24,132.8,113,39.5,2,1081,188,273,59,263,298,Sn-Sb,149.2,154.1,146.4,150.7,152.8,153.4,156.2,154.6,162.6,157.3
1.64,88.1,67.6,43.6,2,669,66,117,97,229,160,Sn-Pb,126.5,136.5,141,135.4,136.2,137.7,138,140.8,145.9,148.8
1.98,79.4,112.2,38.4,1,873,202,172,198,150,151,SAC305,139.6,146.8,149.8,150.5,156.6,145.9,145.1,160.1,157.2,154.2
1.39,125.8,85,81.9,2,1010,290,114,240,266,100,Sn-Sb,149.5,150.7,149.2,152.4,154,160,157.8,161.2,152.9,156.9
2.39,139.3,91.9,108.9,1,810,85,130,282,176,137,Sn-Sb,154.7,149.2,159.5,158.9,156.8,158.4,163.7,158.6,165.8,162.2
0.87,100.9,128.6,69,1,821,243,153,64,145,216,Sn-Sb,148.6,147.6,155,146.7,148.6,146.8,149.1,155.5,159.2,157.8
1.51,135.4,60.7,44.5,2,957,172,247,50,288,200,Sn-Pb,134.5,132.9,139.2,134.7,134.5,138.6,134.4,137.4,148.2,138.8
2.44,183.1,107.1,80.2,2,798,171,216,175,106,130,Sn-Sb,150.6,155.4,156.6,156.5,152.2,161.7,158.9,164.9,160.3,166.1
1.73,133.5,107.9,103.1,2,1011,211,218,270,122,190,Sn-Sb,154.5,150.2,155.3,149.7,155.4,159.3,158.2,164.9,160.4,158.6
1.52,158.1,91.7,96.8,1,702,119,55,133,101,294,SAC305,153.1,150.5,141.8,145.2,145.5,151.5,152.3,153.3,147.7,151.7
1.77,170.8,79,109.3,2,517,52,130,112,98,125,SAC305,145.4,141.4,145.2,152.9,145.2,155.2,155.1,152,151.9,157.3
1.78,198.3,78.8,55,1,1016,161,224,158,232,241,Sn-Sb,148.5,149.7,152.8,147.5,150.6,155,158.3,155.5,158.3,155.1
2.04,140.5,130.7,47.5,2,819,114,130,244,267,64,Sn-Sb,155,153.9,155.1,156.7,156.4,155.7,161.6,159.7,159.7,161.2
1.02,171,95.4,109.2,2,797,149,81,145,177,245,SAC305,142,142.6,145.4,142.3,143.5,148.8,147.7,152,151.3,149.4
1.23,194.4,86.5,89.2,1,746,195,162,132,92,165,Sn-Pb,134.9,137.7,136.5,138.1,136.6,141.1,137.4,141.2,148.9,143.8
1.79,191.7,95.9,58,1,809,212,281,127,107,82,Sn-Pb,134.7,135.7,137.7,141.5,140.4,139,140,143.4,144.1,146.3
2.27,71.2,113.6,96.8,1,989,63,211,238,296,181,Sn-Pb,141.1,147.5,136,143.4,142.6,137.8,148.1,146.6,148.7,142.3
1.76,111,71.7,103.4,1,894,265,108,206,132,183,Sn-Pb,135.1,133.6,144.3,142.2,137.8,136.2,142.4,146.1,138.6,142
1.21,98.6,96,85.3,1,1019,170,274,226,217,132,Sn-Pb,129.7,136.7,133.9,135.1,137.6,135.4,134.7,144.2,145.4,142.6
1.96,63,107,91.9,1,987,294,242,246,76,129,Sn-Pb,137.6,141.6,139.3,138.5,140.9,146,143,141.8,145.2,147.8
2.06,145,135.9,63.8,2,928,183,281,62,289,113,Sn-Pb,138.9,140,136.8,142.6,141.4,140.2,145.6,142.9,140.6,143.3
1.21,160.4,80.2,78.5,2,1093,239,276,196,253,129,Sn-Pb,132.5,135.8,132.5,135.3,133.4,141,144.2,144.9,143.9,144.6
1.44,177.2,88.7,77.2,1,850,172,92,251,138,197,SAC305,138,145.7,144.7,149.8,140.6,149.8,149.6,154.6,156.8,150.4
1.71,68.4,90.3,106.3,2,861,144,245,221,200,51,Sn-Pb,132.9,137.2,142.8,138.7,135.7,138.7,142.2,143.3,141.4,142.7
1.64,181.5,108.4,105.6,1,788,169,71,164,106,278,Sn-Pb,132.3,139.6,134.7,136.8,137.7,135.4,138.6,145.9,139.6,141.3
1.46,146.4,88.5,104.9,2,833,121,56,255,233,168,Sn-Pb,130.3,135,142,136.9,138.5,136.9,140.1,145,142.7,149.7
1.31,155.6,102.7,31,2,900,244,163,65,296,132,Sn-Sb,152.3,149.3,150.2,156.4,153,157.8,160.6,154.9,157.6,160.5
0.97,186.6,122.5,97.5,1,1158,228,259,293,257,121,SAC305,144.2,145.1,139.8,142.3,144.4,150.5,144.1,153.4,152.2,154.3
0.89,143.7,116.4,98.3,1,845,173,274,162,61,175,SAC305,138.7,142.7,144.3,145.2,146.3,145.6,147.9,151.6,146,155.1
2.43,100.4,95.7,91.1,1,673,102,124,182,76,189,SAC305,152.1,147.3,152.3,154.9,149.4,154.3,154.9,154.2,157.4,156.3
2.24,173.8,129.1,98.1,2,683,194,183,146,54,106,Sn-Pb,142.3,137.3,142.6,136.2,141.7,143.2,143.6,144,144.2,149.5
1.4,104.5,104.7,105.8,1,786,205,127,118,167,169,Sn-Pb,137,134.8,132.7,142.4,135.4,134.6,134,141.3,141.3,146.1
2.43,55.1,103.2,72.3,2,561,108,82,111,99,161,Sn-Sb,156,156,155.3,160.5,163.8,162.2,158.8,163.5,160.9,159.8
1.95,174.6,62.7,75.2,1,1031,282,68,263,246,172,SAC305,144.1,146.7,149.1,155.9,148.1,155.7,151.8,147.7,153.2,159.3
1.62,101.8,138.9,41.2,2,1071,243,271,96,216,245,Sn-Pb,136.1,137.3,141.1,135,135.9,133.3,143.7,143.8,145.3,140.6
1.64,166.1,69.8,64.7,2,820,82,190,133,231,184,SAC305,140.4,142.2,144.4,152.9,152.2,148.8,152.1,150.2,154.3,150.8
0.94,104.4,78.5,87.9,1,915,128,264,63,264,196,Sn-Sb,149,145.2,151.1,148.4,148.3,156.5,153.2,152.7,157,151.7
0.96,179.2,64.1,100.2,2,1044,177,103,270,297,197,Sn-Sb,150.1,147.4,150.6,145.2,149.7,151.8,155.9,155.8,153.6,156.8
1.82,82.9,111.2,49.5,2,645,78,73,131,112,251,Sn-Sb,154.9,151.5,152.2,148.4,154.3,150.9,156.8,161.1,152.7,163.8
1.74,196.2,78,42.4,1,823,154,106,185,267,111,SAC305,144.7,146.6,146.2,143.6,147.4,157,148.4,147.9,154.1,154.4
1.16,167,74.4,89.7,2,693,206,251,66,115,55,Sn-Pb,131.8,133.8,136.7,134,137.4,140.9,135.8,132.8,142.8,149.3
2.41,67.1,67.1,30.2,1,759,107,118,205,111,218,Sn-Pb,139,140.7,140.2,146.8,142.8,143.5,147.8,144.6,143.2,150.7
2.13,134.9,68.3,46.1,1,1123,246,131,267,261,218,Sn-Sb,150.9,150.7,161,155.1,158.1,157.7,156,161.7,161.6,159.7
0.99,197.8,106.8,32.6,1,1093,226,268,226,253,120,Sn-Pb,133.2,131.4,130.6,131.3,136.8,135.8,142.5,138.8,137.6,141.4
2.38,120.7,115.1,45,1,608,180,59,147,138,84,Sn-Sb,150,154.6,156.9,157.5,161.8,166.7,161.9,164.4,169.5,159.9
2.46,77.3,91.8,46.3,2,677,257,51,173,73,123,SAC305,149.7,148.9,153.8,153.1,150.8,154.3,158.4,152.4,154.9,155.5
2.49,122.7,98.4,64.9,2,941,215,71,203,220,232,Sn-Sb,155.4,159.2,150.4,157.7,155.7,162.5,159.7,161.8,162.4,166.8
0.89,126.9,114.9,66.2,2,1129,88,268,206,288,279,SAC305,147.6,139,140.6,145.4,143,149.3,150.7,146.8,147.2,149.6
2.05,161.3,61.4,108.7,1,855,69,268,90,231,197,Sn-Sb,152.6,154.2,147.5,152.3,155,154.9,149.7,153.6,156.3,160.9
1.73,154.8,85.9,75.9,2,922,157,196,133,276,160,Sn-Pb,134.3,134.8,140,141,140.1,141,139.1,140.4,138.5,143.9
2,110.4,137.8,95.1,2,706,115,207,102,83,199,Sn-Pb,139.4,142.1,138.3,141.5,132.4,140.7,141.6,148.5,146.2,147.5
2.45,82.7,106.4,39.4,1,690,116,183,256,76,59,Sn-Sb,155.6,155.4,160.8,150.3,158.7,162.6,154.6,163.8,160,163.6
1.97,146.8,80.3,50.3,1,757,122,274,145,97,119,Sn-Pb,134.5,140.7,138,142.4,142.2,139.5,144.4,141.9,145,144.9
2.22,113.3,101.7,93.3,2,826,282,236,149,108,51,Sn-Pb,140.8,140.7,140,139,138.3,143.5,142.2,139.5,142.1,152
2.27,69.8,87.4,34.8,1,900,206,245,114,132,203,Sn-Pb,136.4,142.6,139.3,145.1,145.9,140.9,138.4,139.6,143.9,153
2.23,185.1,102.6,73.8,1,663,266,59,102,128,108,SAC305,146.9,149.6,154.1,151.5,152.4,155,155,154.9,154,157.4
1.52,153.7,70.1,83.9,1,894,199,228,97,198,172,Sn-Pb,137.9,140.9,137.5,139.9,139.4,139.3,142.1,145.2,139.9,139.2
1.18,152.5,70.6,84.2,1,871,297,71,149,147,207,SAC305,141.3,144.5,147.5,142.9,139.4,146.4,148.3,146.4,148.6,154.5
1.47,173.4,71.5,32.1,2,841,74,286,77,242,162,Sn-Sb,149.6,151.4,150.3,150.1,152.3,155.8,150.9,161.3,159.1,156.7
2.32,129.4,135.2,59,1,551,94,117,56,98,186,Sn-Pb,141,143.3,139.6,141,147.1,150,144.7,142.1,145.2,150.7
1.05,172.3,118.6,87.3,1,923,213,132,178,187,213,Sn-Pb,129.2,132.6,135.1,132.5,139.5,139.3,144.3,141.6,137.4,142.8
1.67,124.7,73,43.4,1,867,122,286,95,155,209,Sn-Pb,138.3,139.5,135,135.7,135.9,145.2,143.2,139.9,143.7,144
1.2,60.1,75.1,92.6,1,770,81,55,225,215,194,Sn-Sb,145.1,149.1,150.6,156.8,150,147.9,150.9,152.3,154.7,153.9
1.79,110.8,118.5,97.1,1,692,123,163,76,103,227,SAC305,148.4,143.6,148,155,151.6,152.3,157.5,156.7,155.6,154
2.27,124.6,72.5,118.4,1,1017,212,293,134,176,202,SAC305,148.3,149.1,149.1,152,153.4,149.6,159.2,156.6,155.6,158
2.3,158,78.8,48.9,1,752,205,160,64,181,142,Sn-Pb,141.3,135.1,140.2,137.9,150.5,143.9,141,156.3,144.9,146.9
1.2,66,137.1,104.3,1,897,172,122,204,203,196,Sn-Sb,147.6,146.5,150.7,144.4,155.3,149.6,152.8,157.3,155.4,156.5
2.34,71,80.4,76.8,2,766,297,141,66,92,170,Sn-Sb,150.7,161,157.3,153.5,158.2,155.2,164.9,161.3,158.8,164.8
1.81,89.6,112.9,63.6,1,1083,90,219,227,261,286,Sn-Sb,150.2,148.2,154.2,155.1,158.5,156.2,157.4,158.5,163.8,159.1
1.4,90,138.3,41,2,961,217,88,162,294,200,Sn-Sb,150.4,151.9,152,151,153.4,153.7,160.9,154.6,154.3,158
2,159.8,89.9,96.2,1,870,160,273,229,96,112,Sn-Sb,151.8,153.6,152.6,155.3,156.4,159.7,158.3,159.3,161.5,163.6
1.62,87.6,61.4,51.2,1,941,274,298,159,118,92,SAC305,142.1,142.3,152.2,150.2,148.4,150.2,149.9,152.7,150.2,156.6
1.44,145,79.5,63.4,1,759,225,83,89,252,110,SAC305,144.7,145.8,143.5,148.8,145.6,147.1,150.5,158.7,152.7,145.5
2,124.1,126.5,35.6,1,899,227,244,111,107,210,SAC305,145.1,150.1,145.6,152.5,151.5,155,151.3,152.1,156.7,156
1.22,136,129.2,102.1,2,560,124,65,131,143,97,Sn-Pb,132.9,138.8,136.9,130.1,139.5,140.2,142.7,137.3,142.1,142.4
1.36,175.7,121.5,99,1,877,296,187,131,87,176,Sn-Sb,145.9,152.6,150.1,155.3,150.6,149.4,154.1,156.5,155.2,148.6
1.54,110.7,69,96,1,755,68,213,236,112,126,Sn-Pb,135.9,136.8,138.8,136.6,137.4,144,136,141,143.1,145.5
1.23,165.6,123.6,56.9,2,1102,297,223,180,251,151,Sn-Sb,148.7,146.4,153.7,151.2,147.1,153.8,155.6,161,157.4,152.7
1.49,113.3,133.5,45.6,2,1006,114,296,169,140,287,SAC305,140.1,149.2,144,142.8,151.5,148,153.3,148.7,156.9,156.1
1.77,103.1,108,87.4,1,1113,57,228,287,283,258,Sn-Pb,133.7,131.9,144.8,138.2,137.6,145,144.7,146.4,143.6,150.5
2.06,193.8,135.3,74.7,2,687,122,183,156,138,88,SAC305,143.4,146.6,150.5,153.8,153.3,152.1,151.9,157.8,157.6,153.7
2.1,77.7,126.1,46,2,853,162,237,77,146,231,Sn-Sb,149.8,151.9,152.5,158.6,157.8,159.2,159.1,160.2,155.8,163.9
2.2,63.6,113.4,91.7,2,744,86,186,131,105,236,Sn-Sb,151.3,153.9,153.6,156.4,158.7,155,159.8,158.7,165,158.7
2.07,165.6,106.2,119.2,1,686,134,51,238,107,156,Sn-Sb,149.3,152.3,151.6,154.7,154.8,157.6,161.4,159.6,160.8,158.2
1.96,60.2,87.9,97.2,1,1204,172,237,279,299,217,SAC305,146.4,146.5,150.8,147.5,148.2,152.8,158.7,153.3,155.3,158.6
1.2,175.6,72.7,96.6,1,746,213,163,156,86,128,Sn-Sb,149.5,150.5,149.7,150.8,149.7,154.5,155.4,157.2,154.5,159.5
1.48,115.6,108.4,115.5,2,666,141,67,147,112,199,SAC305,147.8,141.8,145.5,150.9,146.5,151,150.4,152.4,152.5,155.6
1.61,187.3,85.4,48.3,1,964,188,235,234,254,53,Sn-Pb,132,133.3,141.4,144.4,139,145.2,138.7,140.5,147.4,146.5
0.94,158.2,129.3,80.9,2,816,263,184,110,156,103,Sn-Sb,151.5,149.1,145.7,150.4,154.3,151.3,151.8,155.2,153,156.6
1.7,141.6,139.5,118.2,1,957,137,117,269,256,178,Sn-Sb,150.7,150,155.4,155.4,153.4,155.5,155.7,155.6,153.4,158
1.54,192.4,120.2,44.9,1,917,104,52,255,215,291,Sn-Sb,147.8,151,153,150.3,154.8,151.8,155.3,154.9,159.9,159.1
2.16,109.5,67.2,93,2,720,170,178,151,87,134,Sn-Pb,137.5,136.9,138.8,146.3,140.3,144.2,143.5,146.2,148.3,145.7
2.46,193.1,83.1,82.7,1,1218,289,206,182,290,251,Sn-Sb,156.4,163.6,158,162.1,159.7,156.5,161.1,160.3,160.5,163.1
1.75,70.3,68.7,82.8,2,994,141,70,291,248,244,SAC305,145.3,143.6,155.9,151.2,150.5,151,155.4,159,155.8,155.1
1.35,122.6,112,92.8,2,603,158,96,133,132,84,SAC305,148.2,145.2,147.1,149.8,146.6,142.5,148.4,153.1,153.9,156.8
0.87,90.5,121.2,113.7,1,975,245,118,178,245,189,Sn-Sb,145.2,152.1,148.9,151.2,153.1,147.2,149.3,150.2,157.6,154.4
2.37,131,134.1,100.4,2,773,237,76,105,283,72,Sn-Sb,159.9,154.9,151.4,154.8,158.2,160.4,156.9,162.6,164.4,160.9
2.36,74.3,95.1,35.1,1,665,202,70,110,112,171,Sn-Pb,144.7,138.2,137.8,137.2,146.5,143.9,143.4,141.4,145.6,154.9
1.23,176.2,132.1,106.7,1,830,101,137,202,286,104,Sn-Pb,126.7,132.3,140.5,139.9,135.4,138.8,140.5,140.6,146.5,143.2
1.98,177,130.2,50.3,2,607,95,81,104,145,182,Sn-Pb,140.3,138.4,132.8,136.3,137.9,141.2,149.1,145,144.6,149.6
0.93,193.3,85.4,63.9,1,908,85,159,283,226,155,Sn-Sb,142.3,146.2,146.7,150.8,153.3,153.1,154.1,152.6,155.6,153.1
1.08,73.2,129.5,71.6,2,632,107,88,129,146,162,Sn-Pb,134.4,131.9,131,135.5,130.7,141.8,140.8,140.4,135.5,139.3
1.17,143.5,90.1,73.3,1,905,262,110,186,55,292,Sn-Pb,133,133.1,129.8,131.9,136,134,143,141.3,138.4,145.4
1.3,121.1,83.7,69.2,1,747,158,84,88,199,218,SAC305,146.4,145.4,145.4,145.6,145.9,144.5,154.1,148.9,151.6,149.8
2.49,101.7,111.9,114.4,1,834,167,54,219,136,258,Sn-Pb,138.7,149,139.3,146.8,143.4,146.5,149.2,147.3,146.4,147.9
1.98,102.7,86.3,93.5,1,1097,125,264,257,244,207,SAC305,146.4,153.5,144.4,144.6,145.8,149.2,155,156.2,153.1,155.8
1.45,111.9,110.4,86.8,1,873,106,176,263,250,78,SAC305,140.9,142.2,148,150.4,146.8,154.2,153.1,156,151.3,157.8
2.05,155.7,108.8,34.5,2,1037,288,214,136,190,209,Sn-Pb,143.8,137,138.8,137.4,137.8,138.9,140.8,145.1,142.9,147
2.36,139.7,105.1,111.4,2,909,95,165,288,161,200,SAC305,149.6,148.4,150.6,150.2,151.9,151.4,155.1,154,153.3,159.6
2.43,119,90.4,111.8,2,871,94,194,296,153,134,Sn-Sb,156,158.5,153.1,155.7,158.8,157.6,161.9,162.6,163.6,167.5
0.9,61.4,103.9,100.2,2,928,243,278,183,157,67,Sn-Sb,148.4,148,147.9,149.1,147.3,146.2,153.9,157.2,153.5,160.3
1.47,61.7,107.7,30.6,2,926,143,199,295,82,207,Sn-Pb,133.8,129.5,139.1,135.9,141.4,135.5,141.6,138.9,143,145.6
0.98,50.4,103.7,35.2,2,1145,258,175,284,209,219,Sn-Sb,148.5,148.1,144.8,152.1,154,148.8,150.2,157.1,154.3,153.3
1.37,195.2,95.6,50.3,1,1193,292,255,171,187,288,SAC305,144.7,142.9,146.3,145.6,146.9,152.2,142.4,152.5,154.7,151
1.09,50.8,61.2,41.8,1,1121,164,213,211,250,283,Sn-Sb,150.3,145.6,147.5,148.1,154.3,147.2,158.4,153.5,157.3,158
1.9,65.5,107,65.9,2,904,77,60,255,216,296,Sn-Pb,137,135.7,142.2,138,138.3,144.1,142.9,147.6,144.3,143.5
1.46,97.2,73.5,113,2,930,96,295,176,196,167,Sn-Pb,135.1,134,134.4,139.8,143.8,138.6,137.4,140.8,143.8,144.1
1.19,171.1,111.4,72.5,1,894,192,175,205,201,121,SAC305,146.5,145.9,141.6,144.5,142.8,151.4,143,146.1,149.4,153.6
1.25,194.3,120.7,31.2,1,887,156,186,224,82,239,Sn-Pb,131.7,133.2,134.2,136.8,133.6,135.4,144.3,141.5,143.5,142.4
1.41,168.5,100,55.4,1,926,274,68,244,123,217,Sn-Sb,148.6,151.4,153.2,154.6,152.7,156.9,147.7,158.7,155.8,159.7
1.24,153.6,103.4,34,2,1182,224,283,242,206,227,Sn-Pb,131.3,130.2,136.2,131.7,136,135.8,138.7,142.6,139.7,143.1
1.57,128.2,136.1,33.3,2,1102,147,292,190,295,178,SAC305,147.1,144,145.1,152,148.6,151.4,152.4,148.3,150.6,155
0.85,63,127.8,54.8,2,1120,211,142,225,288,254,Sn-Pb,125,131.6,130.7,137.6,136.3,139.8,137.1,137.9,138.3,138.7
1.28,193.7,133.1,54.8,1,840,97,226,294,113,110,Sn-Sb,156.5,151.8,147.2,159.3,151.2,154.4,157.2,150.8,153.9,162.3
1.5,163.8,125.1,100.8,1,683,206,88,177,137,75,SAC305,143.8,148.5,145.1,147.2,153.9,150.8,149.5,149.4,150.7,157.2
1.82,145.8,68.7,117.7,2,441,66,120,62,118,75,Sn-Sb,153.4,148.7,153.4,153.9,156,154.3,160.4,158.1,160.2,157.7
1.26,163.9,71.9,63.4,2,603,98,244,56,107,98,SAC305,141.1,152.3,150.7,146.1,151.9,151.9,147.4,148.1,153.3,153.1
1.03,158.6,102.1,68.6,1,897,152,102,242,290,111,Sn-Pb,130.9,135.3,129.8,135.5,132.4,133.5,136,140.2,138.1,137.5
0.93,145.6,79.7,106,1,796,66,220,74,180,256,SAC305,143.1,147.1,145.6,150.1,149.9,145.2,149.5,148.4,152.8,150.4
2.4,197.1,98.1,54.1,1,812,78,166,284,209,75,SAC305,146.6,154.1,152,150,151.5,152,152,154.6,158.1,158.2
1.51,185.5,91.5,44.1,1,748,173,193,74,103,205,Sn-Pb,133.2,140,130.5,138.5,138.1,136.6,141.6,140.9,146.3,146.2
1.79,147,104,106.8,2,652,122,169,105,114,142,Sn-Sb,156.7,150.5,157.1,150.5,154.6,154.6,158.8,159.7,156.2,161.9
2.36,154,119.8,34.2,1,1072,298,135,129,218,292,Sn-Pb,137.7,137.3,140.8,137.4,145.6,143.6,144.7,145.5,151.7,152.4
0.94,57.7,117.2,85.8,1,1082,157,228,167,282,248,SAC305,145.8,142.4,140.4,144.7,146.6,149.1,148.6,145.6,148.1,148.8
2.29,150.5,101.7,80.6,1,1032,255,206,132,196,243,Sn-Pb,140.1,141.1,142.5,142.4,136.3,138.3,144,145.7,150.2,147.7
1.74,56.6,125.8,61.1,2,872,218,222,64,180,188,SAC305,142.8,148.7,147.6,147.5,144.9,151,152.4,149.7,155.9,156.7
1.08,138.2,94.5,58.4,2,919,230,223,79,106,281,Sn-Pb,132.5,133.4,137.2,136.5,134.3,136.8,140.1,133.3,137.6,143.4
1.5,199.9,131.7,99.5,1,940,195,228,177,97,243,Sn-Pb,138.1,138.6,139.2,137.9,135.4,138.9,134.5,145.4,140,141.9
2.12,133.4,65.7,37.8,1,837,273,185,71,55,253,Sn-Sb,155.8,148.8,151,156.4,158.2,157.4,158.5,163.4,162.5,163.1
1.62,121,136.4,51.3,1,888,288,234,153,85,128,SAC305,147.4,145.2,153.6,141.2,153.5,152.8,151.8,152.3,152.6,157.4
2.47,96.9,112.4,95.9,2,860,269,165,106,98,222,Sn-Sb,154.2,153.2,159.1,162.1,152.6,166.4,157.2,158.5,158.6,163.4
1.44,68.1,90.4,79.3,2,761,131,115,126,94,295,SAC305,140.4,141.7,144.1,147.6,148.9,152.9,153.9,154.3,151.4,147.7
2.07,159.7,75.8,41.5,2,880,128,69,241,270,172,Sn-Pb,131.8,141.4,141.9,138.5,137,139.2,143.9,144.9,148.5,145
1.47,78.9,98.3,109.4,1,853,283,270,116,132,52,SAC305,143.6,148.7,140,148.3,147.3,151.5,151.9,149.3,150.8,146.4
2.21,67.3,75.6,65.4,2,796,231,255,113,89,108,Sn-Sb,155.3,154.8,159.2,154.9,159.8,154.8,150.9,159.8,159.3,158.9
1.77,113.3,73.3,104.5,1,798,232,111,181,109,165,Sn-Sb,153.5,155.5,153.2,153.3,155,153.9,158.5,153.2,155.6,157.5
0.91,169.3,109.4,100.9,1,868,124,171,272,156,145,Sn-Sb,148.2,146.6,152.6,152,148.1,153.5,151.3,155,157.1,158.9
0.86,161.8,101.8,86.2,1,921,140,207,284,179,111,SAC305,141.9,147.1,144.6,144.7,144.4,144.4,148.6,148.6,150.1,151.7
1.03,58.2,113.6,74.5,2,806,98,186,141,208,173,Sn-Sb,147.9,154.2,147.6,151.4,150.5,144.8,152.6,151.3,154.9,156.1
0.82,118.3,134.4,118.2,1,1035,275,110,297,256,97,Sn-Sb,147.3,145.5,146.9,151.2,147.7,145.6,152.6,156.3,156.2,155.6
0.93,128.4,102.6,43,2,1149,202,213,185,250,299,Sn-Sb,150.4,150.9,147.7,150.4,151.5,151.4,156.1,153.2,153.1,147.9
1.98,146.7,106.5,95.3,2,751,107,150,161,222,111,Sn-Pb,134.5,134,138.8,136.1,142.7,145.2,142.8,140.9,145.8,151.6
1.71,147.5,67.2,47.2,1,1019,88,273,107,293,258,Sn-Pb,140.3,132.3,133.2,133.5,136.1,141.3,139.9,140,146.7,146.1
2.07,104.7,117.4,60.4,1,1020,148,278,260,241,93,SAC305,142.2,151.3,150.9,151.9,149.6,151.8,147.4,157,152.4,153.7
2.35,134.1,92,57.8,2,505,78,108,120,141,58,SAC305,146.1,155.2,148.7,154.6,152.7,151.3,151.7,153.9,156.5,159.6
1.79,122.2,138.1,115.2,1,1069,176,269,183,206,235,Sn-Sb,149.5,150.4,150.3,150.4,151.1,158.9,155.4,156.6,157,159
2.03,182.7,125.9,117.1,2,1103,194,193,264,272,180,Sn-Pb,138.3,136.7,139.7,144.4,138.7,140.8,145.1,148.6,141.4,141
2.09,129.5,101.8,46.5,1,690,70,113,139,85,283,Sn-Sb,152.4,153.1,156.6,157.1,156.3,160.6,156.4,160.1,156.8,161.3
1.44,116.2,69.9,32,2,1165,278,294,263,111,219,Sn-Sb,144.8,146.9,156.3,146.7,152.6,156.7,161.9,156.7,157.9,158.3
1.21,110.7,128.8,94.8,2,704,125,219,238,62,60,Sn-Pb,136.2,135.3,133.3,139.4,135.7,133.3,134.3,139.4,141.4,144.9
1.15,135.9,124,67.6,2,486,103,65,57,153,108,Sn-Pb,134.7,134,137.8,135.8,132.9,133.2,142.6,133,140.1,150.7
1.23,170.6,74.8,38,2,896,106,89,286,236,179,Sn-Pb,134.5,133.5,130.1,141,140.8,140.2,139.1,141.9,140.7,139.2
1.27,130.8,83.6,91.5,1,947,143,271,253,187,93,SAC305,146.2,144.2,146.9,146,148.7,148.3,149.1,150.4,160.2,154.8
1.15,149.2,123.5,79.1,1,970,188,256,129,130,267,SAC305,150.5,143.7,143.8,142.5,151.6,145,154.2,146.7,153.4,147
2.29,160.7,74.8,118.2,2,770,51,227,189,164,139,Sn-Sb,152.1,154.5,153.7,155.9,157,160.9,153.2,158.8,165.2,164.1
2.09,128,133.4,50.5,2,813,72,195,111,273,162,SAC305,151.3,150.7,146.2,152.4,151.8,159.3,155.9,156,157.5,157.9
0.88,114,94,66.4,1,961,177,111,87,298,288,Sn-Pb,132.7,131.6,135,137.2,138.6,139.2,141.9,141.8,141.3,137
1.26,181.5,67,78.8,1,1084,244,215,244,271,110,Sn-Pb,129.9,133.6,135.4,140.5,129,135.2,138.7,137.3,138.9,140.8
0.84,112.6,125.3,101.3,1,1149,178,271,222,273,205,SAC305,138.4,139.9,147.3,146,147.5,146.1,150.2,150.7,151,148.2
1.65,119.3,89.9,79.4,1,794,198,171,159,62,204,Sn-Sb,148.9,154.4,150.7,149.4,152.6,159.9,154.6,158.2,156.4,161.5
1.61,198.6,102.1,85.2,1,807,149,184,71,123,280,Sn-Sb,151.7,146.6,152.9,148,152.4,155,161.6,158,155.7,158.1
2.21,50,69,50.4,1,1196,230,256,256,181,273,SAC305,150.8,146.8,153.3,149.5,149.3,151.6,149.2,148.5,155.8,156.8
1.32,77.8,60.2,106.2,2,757,72,168,119,265,133,Sn-Sb,149.4,149.3,157.6,152.1,148.5,150.2,154.6,154.3,152.9,157.4
2.19,107.6,111,68.6,1,1045,299,150,133,253,210,Sn-Sb,152.8,158.7,152.2,154.7,161.7,158.9,156.2,157.8,157.3,162.2
2.45,189.9,101.2,42.7,1,638,77,185,50,214,112,Sn-Sb,157.3,160.1,151.8,159.9,158.7,158.5,159,155.5,164.2,159.3
0.95,60.5,107.5,89.8,2,707,71,119,174,198,145,Sn-Pb,129.5,134,128.3,130.8,139.4,137.1,135.8,139.1,141.8,144.1
2.15,51.4,123.5,49.4,1,672,212,128,54,109,169,Sn-Pb,134.4,135.7,141.6,142.7,137.7,139.8,143.2,144.8,145.9,142.7
1.8,57.9,111.7,38.8,1,996,95,227,225,183,266,SAC305,146.1,144.8,144.5,149,149.7,153.4,149.4,153.7,149.3,154.2
1.62,63.3,74,107.6,1,1078,105,159,236,297,281,Sn-Pb,136.5,137.7,138.8,140.5,137.8,141.6,146.7,140.7,147.2,146.7
1.51,55.6,88.9,71.4,1,1012,206,248,153,126,279,Sn-Sb,148.8,150,151.9,155,154.8,153.1,149.3,158.6,151.8,154.5
2.13,122,132.5,97.4,1,701,195,51,57,124,274,Sn-Pb,136.4,135,140.6,139.8,144,137.8,141.7,144.7,145.8,148.7
1.89,137.1,121.6,56.2,2,793,231,174,87,225,76,SAC305,143.7,146,150,142.9,151.6,153.7,148.4,152.5,158.9,157.4
2.17,90.8,104.5,100.8,1,668,69,189,92,238,80,Sn-Pb,139.2,141.8,145.3,140.9,140.6,145.8,143.3,142.1,144.2,147.8
2.34,109.7,80.5,40.1,2,1018,140,273,110,251,244,Sn-Sb,152.4,153.6,152.6,161,156.7,156.6,157.9,163.1,163.4,161.2
1.85,63.8,84.2,62,2,846,158,140,212,144,192,Sn-Sb,151.3,153.1,151.1,149.6,156.8,154.3,158.6,159.2,159.4,159
2.47,100.5,118.6,118,1,794,193,62,162,84,293,SAC305,147.4,146.9,149.5,154.1,157.5,158.1,155.8,160.5,156.4,154.5
1.83,128.4,128.1,101.5,2,1209,252,236,198,292,231,Sn-Pb,141.9,138.7,133.5,143.8,137.9,139.6,145.2,147.2,141.1,149.6
1.88,159.8,113.7,74.8,1,934,252,207,97,294,84,Sn-Pb,139,135,137.7,143.9,135.7,145.5,144.9,144.9,144.8,151.3
1.74,50.5,124.8,60.6,2,1014,135,215,208,255,201,Sn-Pb,142.1,134.9,139.5,144.3,137.3,141.4,144.7,136.7,146.2,141.4
0.95,120.1,121.3,108.5,2,1020,163,226,273,149,209,Sn-Sb,147.3,151.2,141.6,152.1,156.9,150.2,154.5,157.8,150,158
2.03,94.6,72,79,1,1155,232,256,284,235,148,SAC305,150.2,150.1,149.4,147.1,155.3,152.3,150.4,153.2,156.3,151.5
1.73,177.9,93.9,98.3,1,863,52,257,246,134,174,Sn-Pb,135.7,135.4,141.7,133,142.5,144.9,136.1,137.5,149,141.9
1.57,157.3,72.2,97.9,1,620,187,132,74,117,110,Sn-Sb,159.1,145.4,152.4,152.8,153.2,156.2,157.4,156.3,154.8,162
2.35,138.4,78.8,31.6,1,785,78,176,68,220,243,Sn-Sb,155.6,155.1,157.5,159.1,155.5,160.4,158.1,163.2,161.2,164.6
1.31,91.6,129.5,41.4,1,724,123,110,220,202,69,Sn-Sb,147.2,151.5,147.6,151.7,155.5,155,155.1,161,159.6,160.1
1.69,186.6,97.8,89.4,2,882,97,260,136,201,188,Sn-Pb,137.4,138.8,142.4,137.2,142.5,141.5,140.3,142.2,144.1,141.9
1.99,56.8,102.8,44.5,2,989,159,275,232,77,246,Sn-Pb,139.5,137.6,139.2,144,141.3,146.6,141.4,140.7,144.1,137.5
2.15,66.4,74.3,53,2,828,240,108,182,100,198,Sn-Pb,140.5,135.6,137.9,142.9,142.1,141.4,137.6,148.7,147.9,152.9
1.58,108.7,85,115.2,2,798,61,99,181,295,162,Sn-Pb,133.1,131.5,139.9,137.3,140.8,144.8,142.1,142.4,143.6,139
2.23,68.7,78.4,80.4,2,960,219,261,215,202,63,Sn-Pb,141.5,142.7,141.7,136.6,141.8,147.5,142.5,148.7,146.3,149.3
2.11,193.5,76.5,97.6,2,954,252,81,188,238,195,Sn-Pb,136.3,138.8,140.9,137.3,142.4,134.5,141.7,146.2,148.9,148
0.91,169.7,111,80.2,2,967,204,104,231,259,169,Sn-Pb,127.4,135.6,130.1,136.4,132.2,134.2,134.7,139,139,142.1
0.88,88.8,80.6,79.7,1,861,264,124,70,221,182,Sn-Pb,131.3,127.8,134.2,129.1,132.7,135.3,136.1,133.5,143.5,145.3
1.86,138.3,110.6,38.5,1,882,136,218,108,138,282,Sn-Pb,143.1,140.7,137.1,138.1,138.9,147.3,142,147.1,147.9,145.9
1.39,197.3,64.7,60.9,2,927,231,251,199,132,114,Sn-Sb,144.6,149.7,151.4,155.8,153,150.3,157.9,155.3,149.3,158.9
1.16,182.6,71.3,55.4,2,720,113,120,53,242,192,Sn-Pb,134.3,131.3,134.2,137.8,137.8,133.1,142.6,144.9,139.3,136.1
1.79,140.1,82,65.2,1,1159,153,253,199,263,291,SAC305,148.3,144.9,149.6,155.6,145.3,148.6,151.4,156.8,164.6,155.7
1.38,185.6,107.8,101.9,1,1038,224,258,142,223,191,Sn-Sb,144,148.9,148.6,154.1,154,150.8,152.4,154.8,156.2,157.8
1.71,198.4,114.1,63.5,1,1022,227,197,227,161,210,Sn-Pb,135.7,140.3,136.4,136.9,135.5,139.9,142.3,137.4,142.5,148
1.58,161.5,95.4,70.7,1,685,168,108,92,256,61,SAC305,146.8,147,148.8,146.2,146.8,153.7,153.4,149.7,147.3,151.7
1.79,59.7,95.7,65.8,2,811,89,167,69,271,215,Sn-Pb,137.6,135,138.9,143.2,139.7,141.7,144,139.7,141.6,147.1
1.48,110.2,118,38.4,1,900,180,205,233,139,143,SAC305,144.5,145.8,146.5,150.3,149.7,150.7,154.1,156.2,159.1,151.7
1.99,175.7,61.3,69.7,2,743,62,254,115,86,226,SAC305,154.4,144.7,154.8,148,150.7,152,150.3,154.2,152.5,152.2
1.11,84.6,87.3,47.6,2,785,279,115,85,231,75,SAC305,142.4,148.3,143.8,148.4,144,143.7,149.9,154.8,151.2,154
1.98,174.6,125.5,46.8,2,839,124,249,157,217,92,SAC305,151.4,147.8,148.4,151.3,152.9,147.7,153.8,153.9,152.5,155.7
1.5,68.1,108.3,38.5,1,620,199,197,57,78,89,Sn-Sb,146,146,151.7,155.2,152.5,151.6,153.1,158.1,162.5,160.8
2.29,57,87,62.1,1,1042,267,207,258,177,133,Sn-Sb,157.4,151.3,155.2,159.5,153.3,156.5,162.3,161.2,158.6,157.6
1.68,107.6,132.4,98.2,2,924,165,232,193,223,111,SAC305,149.4,140.2,149.3,146.8,152.5,147.3,159.2,153.6,155.1,152.1
2.45,55.5,121.8,54.9,2,927,284,56,257,94,236,Sn-Pb,138.8,139.9,146.6,143.5,144.9,145.8,147.1,142.1,153.4,145.6
1.82,193.6,81.2,58.1,2,1180,288,233,225,204,230,SAC305,146,151.7,153.9,151.5,148.6,151.5,152.6,153.7,150.4,158.9
1.18,173.9,111.6,87.8,1,963,264,137,122,212,228,Sn-Sb,148.3,146.7,148.4,151.7,147.7,155.5,154.6,159.6,156.1,153.6
2.2,170.1,107.7,47.6,2,1176,261,86,283,258,288,Sn-Pb,134.4,137.8,139.1,139.3,142.4,141.2,144.8,143.4,147.9,146.1
1.39,144.5,92.1,110.7,1,859,272,168,106,57,256,Sn-Sb,152.7,151.9,151.5,151.3,148.4,158.2,152.9,156.2,158,157.4
1.39,82.4,89.4,76.8,2,809,144,166,271,159,69,Sn-Sb,153,146.3,156.2,154,152.2,153.2,148.3,153.4,155.9,158.5
0.85,127.7,87.5,70.3,2,784,173,280,102,168,61,Sn-Pb,135,138.4,134.1,134.9,133.8,131.1,135.4,137.6,142.2,141.8
1.73,139.6,109.4,80.2,2,639,226,66,113,91,143,SAC305,146.3,144.9,141.7,142.9,144.7,149.8,154.6,155.6,156,153.1
1.71,128.8,95.4,44.9,1,896,206,196,287,60,147,SAC305,149,143.8,150.1,143.5,146,155.5,150.9,150.5,156.9,158.2
1.41,89,126.5,85.2,1,694,227,120,157,107,83,SAC305,142.8,145.9,146.5,138.6,143.9,151.9,147.6,152.6,152.8,156.7
2.32,127.3,113.6,62.7,2,771,69,99,151,265,187,SAC305,144.5,150.8,150.4,149.2,150.2,154.3,156.5,155.8,156.9,156.1
1.02,123.7,65.6,110.7,1,785,209,101,64,278,133,Sn-Pb,130.8,130.7,132.5,136.9,138.2,133.3,135.4,137,139.9,136.1
1.36,199.5,111.2,45.2,2,828,180,86,175,298,89,Sn-Pb,131.2,130.6,137,136.7,136.4,135.6,138.5,139.1,146.7,145.8
1.35,184.6,81.7,75.6,1,800,121,89,285,105,200,Sn-Pb,131.7,135.2,138.6,134.7,133.5,133.4,143.6,140.2,142.6,141
0.96,119.5,107.4,83.8,1,926,153,188,159,241,185,Sn-Sb,143,144.6,144.8,152.3,155.3,151.9,148.2,155.3,158.6,158.7
1.62,143.4,114.4,33,1,686,142,143,105,109,187,Sn-Pb,135,135.4,137,141.8,141.4,138.9,139.9,140.7,139.9,148.2
1.97,162.2,78.5,62.7,2,650,88,77,98,213,174,SAC305,144.5,149.3,146.9,148.4,150.5,153.5,152.1,150.4,154.9,153.5
1.67,55.2,96.5,95.9,1,645,62,273,85,150,75,Sn-Sb,155,150.6,150.3,159.3,156.6,152.7,154,158.8,158.5,162
1.07,184.2,75.2,103.8,1,832,135,53,272,131,241,SAC305,140.4,145.5,137.6,144.9,144.5,146,148,152.8,146.9,144.8
1.44,179,64.2,58.2,2,873,215,176,137,176,169,SAC305,141.1,148.3,141.3,145.5,150.7,149,153.6,145.1,151.2,157.2
0.8,118.6,90.3,101.9,2,762,264,71,179,80,168,Sn-Pb,127.6,135.1,132.3,135.3,138.8,137.3,135.2,139.7,137,140.8
2.28,108.7,89,117.1,2,808,60,269,95,145,239,Sn-Pb,134.6,139.5,144,140.5,145.7,152.7,144.3,147.2,147.8,148.1
0.94,90.9,139.6,107.1,2,1042,246,241,279,59,217,SAC305,144.1,142,141.7,140.1,144.7,149.4,144.9,149.4,149.3,148.8
1.82,121.5,95.7,40.6,1,1034,177,287,201,148,221,SAC305,140.5,151.2,149.7,157.1,153.3,155.1,146.9,147.8,154.2,151.7
2.48,56.7,86.7,96.6,1,839,161,109,239,136,194,Sn-Sb,152.4,163,160,154.6,151.3,156.3,158.7,160.4,158.6,166.8
1.71,177.8,106.4,58.8,1,1237,114,296,272,272,283,Sn-Pb,133.4,138.5,137.7,141.4,138.8,137.8,139.8,140.8,149.7,144.8
2.37,55.3,67.1,119,1,956,106,232,155,230,233,Sn-Sb,153.9,157.5,155.8,160.2,156.7,157.4,156.9,166.4,161.6,159.3
1.2,99.4,136.9,73.7,1,732,275,58,71,190,138,Sn-Sb,148.6,147,148.8,151.9,156.6,153.3,151.9,153.5,158,151.1
2.09,189.7,110.8,41,2,926,225,67,164,253,217,Sn-Sb,149.3,154.1,149.3,154.5,155,160.1,157.7,163,160.7,166.8
1.7,160.3,120.4,95.3,1,861,194,192,155,64,256,SAC305,141.3,151.4,146.3,152.9,153.1,141.9,152.9,155.5,157.5,151
2.02,92.2,73.6,59.1,1,816,112,296,216,62,130,Sn-Sb,153.9,153.7,155.4,158.1,159.6,155.1,158.9,159.2,159.4,160.7
0.91,87.9,92.8,119.7,1,820,81,186,89,197,267,Sn-Sb,147.1,145.7,151.2,153.4,148.1,155.5,150.1,156.2,158.5,155.3
1.05,50.8,93.8,118.2,2,1044,268,262,131,126,257,SAC305,139.8,141.5,145.3,151.1,141.2,147.6,148,147.9,150,149.6
1.03,154.4,125.7,89.1,2,923,250,240,125,221,87,Sn-Pb,135.9,137.2,134.4,134.7,134.7,137.4,143.7,138.8,137.6,140
1.97,57.3,60.1,41.7,1,1191,260,237,120,298,276,Sn-Pb,139.1,135.7,138.7,141.3,138.9,136.6,139.6,141.3,144.2,146
2.24,129.9,84.1,91.8,2,677,97,67,193,232,88,Sn-Sb,155.7,150.5,157.2,155.1,151.8,158.2,163.1,162.8,161,165.6
2.07,194.3,138.5,38.4,2,1003,245,236,138,273,111,SAC305,147.9,151.3,144.4,146.6,153.5,157,154.6,152.9,152.8,155.4
0.85,66.4,98,32.6,2,1049,281,190,158,130,290,Sn-Pb,134.9,131.2,136.4,136.2,140.4,136.9,137.1,141.5,136.4,138.9
2.27,184.2,90.6,104.1,2,1145,278,183,260,126,298,Sn-Sb,148.3,150.6,161.1,158.4,153.2,161.9,157.2,162.3,163.2,167.3
1.4,198.7,69.6,48.9,2,686,237,139,63,144,103,Sn-Sb,147.4,147.8,142.9,151.6,155.2,156.6,158.8,156.9,158.5,158.2
1.48,59.2,137.9,64.1,2,590,181,88,121,74,126,SAC305,146.5,142.6,142.2,144.9,149,145.5,148.5,149.6,154.7,155.4
0.98,182.4,61.6,117.6,2,1179,209,236,279,240,215,Sn-Sb,147.1,149.3,150.3,148.8,149.3,156.5,145.4,151.7,154.3,157.6
2.05,127.4,119,60.3,1,1055,169,269,102,271,244,Sn-Pb,140.7,143.8,139,140.2,142.3,140.7,139.7,144,147.5,145.5
1.11,186,121.5,56.7,1,1241,205,180,286,295,275,SAC305,143.8,137.9,144.6,144.3,142.7,149.5,154.1,152.5,153.7,153.7
1.76,135.7,79.5,112.6,2,1065,257,199,145,215,249,Sn-Pb,137.7,131.4,137.4,140.3,141.4,144.6,138.7,144.6,140.6,144.2
2.23,149.3,113.7,40,1,817,296,121,111,234,55,Sn-Pb,138,141.7,142.4,141.5,135.7,144.5,143.3,149.3,149.6,144.3
0.95,131.6,67.4,98.4,1,851,255,81,148,187,180,Sn-Pb,133.5,134.6,135.3,135.9,137.6,141.3,136.1,136,142.1,135.1
1.71,179.7,80.6,118.9,2,775,236,125,226,108,80,Sn-Sb,152.5,153,145.5,151.6,159.3,151.2,157.2,154.5,156.4,165.3
1.2,160.1,123,111.1,1,738,142,118,239,101,138,Sn-Sb,148.4,150.6,149.7,146.5,148.4,156.5,154.5,152.7,155.9,159
1.38,128.2,129.2,88.7,2,1035,176,218,80,262,299,Sn-Pb,135.3,132.6,131.2,135.7,141.2,141.5,141.1,140.4,140.3,142.4
1.61,180.2,108.7,58.3,2,969,133,280,176,199,181,Sn-Pb,137.4,139.1,136.3,145.7,139.3,139,145.5,135.9,144.5,143.8
1.4,86.8,100.5,52.9,2,714,62,94,176,219,163,SAC305,148.3,146.8,146.4,149,144.8,151.9,146,152.1,152.1,147.7
1.9,73.6,72.7,103.7,1,972,226,69,293,254,130,SAC305,146.7,148.3,146.5,146.5,152,152.6,153.2,153.5,152.8,162.3
1.62,74.1,65,109.2,1,1088,231,213,274,178,192,Sn-Sb,149.2,148.5,152.3,152.6,153.1,160.7,152.7,157.2,154.9,157.5
1.79,100.1,69.4,77.3,1,749,254,66,201,107,121,Sn-Sb,156.2,152.8,153.8,151.1,153.7,161.4,158.4,156.9,160.3,160.8
2.05,85.8,78.2,52,1,1012,291,268,158,72,223,SAC305,144.7,147.1,156,151.4,146.5,153.8,157.2,151.5,153.9,160.6
1.75,189.5,87.3,40.2,2,713,121,57,108,267,160,Sn-Pb,135.9,136.3,133.7,142,139.2,134.2,137,141.1,140.5,142
1.8,65.9,90.5,37.8,2,1082,236,62,216,278,290,Sn-Sb,158,154.1,145.3,153.1,154.7,151.6,158.6,151.9,162.3,164.3
1.76,154.8,87.7,94.7,1,942,205,266,238,65,168,Sn-Pb,142.9,132.1,133.7,140.9,143.3,143.2,145,146.9,144.4,144.2
1.44,78.4,79.1,67.8,2,878,51,295,259,194,79,SAC305,140.1,144.3,145.8,144.4,148.1,146,153.5,152.5,150.8,153.8
1.37,182.2,100.8,111.5,2,920,152,62,145,291,270,Sn-Sb,145.5,146.8,148.9,151.3,153.3,154.3,150.9,155.6,154.4,147.6
2.33,194.2,126,96.6,1,843,287,143,131,62,220,Sn-Sb,162.9,152.3,153.4,152.6,154.5,158.1,163.7,160.1,160.7,166.3
1.83,119.8,82.4,47.2,2,868,262,143,198,161,104,SAC305,144.6,147.2,145.4,154.2,153.3,150.7,151,153.1,153.7,150.5
1.22,181.9,135.4,85.2,1,964,130,217,260,165,192,Sn-Sb,151.3,148.4,155.8,152.4,144.5,149.3,147.7,151.2,151.2,157.9
1.65,50.8,129.9,69.2,2,1159,250,229,251,157,272,SAC305,144.3,148.5,147.1,147.5,155.3,150.9,151,149.7,149.7,156.6
1.36,173,72.9,82,1,979,102,264,177,229,207,Sn-Sb,150.9,154.5,152.2,150.6,154.3,153.6,157.4,159.8,156.3,163.1
2.39,84.3,122.9,96.4,2,834,210,106,101,186,231,SAC305,152.5,150,153,152.9,153,159.7,156.5,153.4,153.9,155
0.81,186.3,106,102.6,2,703,160,50,93,276,124,Sn-Sb,147.5,146,149,151.9,156.1,150.1,147.8,158.4,149.7,150.6
1.18,50.2,105.3,105.9,1,607,147,257,58,81,64,Sn-Pb,138.2,137.1,136.4,135.8,136.2,135.9,138.1,139.8,136.8,139.4
1.42,133.4,91.3,52.9,1,1302,189,274,286,255,298,Sn-Pb,127.8,135.3,136.3,142.4,139.2,137.4,139.5,142.6,142.8,144.8
1.63,163.5,100.1,32.8,1,983,234,185,121,204,239,Sn-Pb,136.3,135.4,135.5,136.4,136.4,136.9,146.7,142.5,142.7,142.7
2.25,88.8,91.8,96.5,1,703,61,114,156,281,91,Sn-Sb,154.5,157.9,157.4,159,155.5,158.2,157.5,160.6,165.1,163.6
0.95,79,103.2,39.6,2,963,239,164,188,152,220,Sn-Sb,151.6,146.9,146.3,151.3,151.1,152.7,153.3,152.3,155.3,158.7
2.17,62.6,110.2,58.3,2,992,144,66,274,209,299,Sn-Pb,141.1,137.4,140.5,145.3,140.4,140.9,146.2,146.7,143.3,142.7
0.89,99,113.9,30.3,1,1083,270,262,134,217,200,Sn-Pb,132.1,131.2,128.4,132.4,137.3,136,142.1,132.2,143.5,139.4
2.23,134,102.6,91.4,2,801,105,183,135,227,151,SAC305,146.7,144.5,151.5,145.7,154.6,148.6,150.1,151.6,154,160
0.89,67.4,117.7,45,1,1136,214,286,241,292,103,SAC305,146,140.6,143.3,145.9,144.5,147.8,147.4,147.7,145.2,150.9
0.83,106.5,71.3,89,1,1197,249,282,226,276,164,SAC305,144,139.8,137.2,143.2,149.7,149.8,145.4,149.5,151,154.6
1.98,51.4,77,119.3,2,785,188,137,98,198,164,Sn-Pb,132.2,134.7,132.9,137.9,144.1,140.2,139,144.6,145.7,142.8
2.5,172.8,125.5,36.5,2,792,243,112,153,132,152,Sn-Pb,138,141,143.7,140.6,141.1,150.2,144.7,147.2,149.4,143.1
2.32,69.3,85.8,36.9,1,755,205,66,55,196,233,Sn-Pb,138.5,134.7,140.2,145.7,139.6,138.6,150.3,142.2,142.1,152.5
1.78,92.5,61.8,60.6,1,854,279,77,243,87,168,SAC305,142.3,151.8,148.7,152.8,150.5,154.1,149.1,151.1,147.6,157.8
2.36,52.8,72.3,108,1,923,86,164,293,117,263,Sn-Sb,155.1,151.8,150.6,157.6,162.8,158.4,157.8,158,165.5,160.5
